Bigrama,Frequência
star wars,8
muita gente,6
jogar bola,5
hoje dia,5
guerra mundial,5
banco totta,5
casa campo,4
tinha tinha,4
silva porto,4
altura pessoas,3
sachar milho,3
claro havia,3
mãe pai,3
sair casa,3
altura havia,3
leite tinha,3
perna mostra,3
fiquei reserva,3
cm perna,3
muita coragem,3
rio janeiro,3
judeus árabes,3
trabalhar banca,3
vim portugal,3
santander empresas,3
totta standard,3
saí cabinda,3
guimarães tinha,3
espaços verdes,3
homem militar,2
alguma tarefa,2
tarefa gostava,2
raparigas tinham,2
levávamos porrada,2
assávamos castanhas,2
medalhado tinha,2
barco atingido,2
casca íamos,2
avó avó,2
tirar leite,2
leite vacas,2
militar carreira,2
dançar avô,2
professora altura,2
ia campo,2
guerra tinha,2
reserva territorial,2
mãe demente,2
havia brigas,2
pessoas iam,2
daquilo fiz,2
cabo mar,2
mar guerra,2
posto leite,2
guerra guerra,2
andar bicicleta,2
ano espera,2
íamos dançar,2
memória antiga,2
salvar pessoas,2
terra húmida,2
desfilhar milho,2
milho ficava,2
gostava gostava,2
pessoas estavam,2
banho água,2
buscar pão,2
avô marinheiro,2
água quente,2
erva animais,2
senhoras praia,2
milho desfilhar,2
desfilhar espigas,2
praia matosinhos,2
altura eram,2
ajudar casa,2
íamos muitas,2
queria continuar,2
tinham cm,2
ninguém ia,2
milho estávamos,2
batatas fritas,2
anos taco,2
havia gente,2
há alguma,2
tomar conta,2
ideia ideia,2
época ano,2
homem muita,2
rua irmos,2
conseguia trazer,2
vila conde,2
porto leixões,2
série coisas,2
ordenado mínimo,2
reais euro,2
calções banho,2
gostava voltar,2
voltar tunísia,2
países árabes,2
mundo árabe,2
cenários star,2
tunísia tunísia,2
havia alguma,2
ninguém ninguém,2
irei série,2
série perguntas,2
angola angola,2
tínhamos vida,2
entretanto coisas,2
coisas evoluindo,2
efeitos especiais,2
nasceram filhos,2
há anos,2
exploração petróleo,2
ingressei banco,2
angola trabalhei,2
ajudava gente,2
vida conseguimos,2
mãe praia,2
banco santander,2
totta açores,2
cidade pequena,2
pessoas portugal,2
vida portugal,2
tinha muitas,2
piores trabalhos,2
entrei banca,2
graças deus,2
guimarães altura,2
balcão trabalhar,2
começámos trabalhar,2
televisões antigamente,2
levantar dinheiro,2
pensei fosse,2
saíamos tínhamos,2
banco crédito,2
tínhamos stock,2
serviços centrais,2
tinha balcão,2
balcão santander,2
havia autoestrada,2
cidade bonita,2
deslocar automóvel,2
peixe carne,2
verdes espaços,2
centro cidade,2
campo futebol,2
pessoas idade,2
hospital hospital,2
hospital velho,2
senhora oliveira,2
oliveira nome,2
nome hospital,2
havia médicos,2
clínicas privadas,2
velho tio,1
tio quim,1
quim queria,1
queria jogar,1
bola avó,1
avó vinha,1
vinha praça,1
praça vender,1
vender coisas,1
coisas acabavámos,1
acabavámos coisas,1
coisas casa,1
casa feitas,1
feitas porrada,1
porrada velha,1
velha falando,1
falando brincadeiras,1
brincadeiras brincadeiras,1
brincadeiras tinham,1
tinham jogar,1
bola jogar,1
jogar macaca,1
macaca malha,1
malha escondidas,1
escondidas nessas,1
nessas brincadeiras,1
brincadeiras costumava,1
costumava ganhar,1
ganhar eram,1
eram rapazes,1
rapazes fosse,1
fosse mafia,1
mafia tinha,1
muitas brincadeiras,1
brincadeiras jogávamos,1
jogávamos escondidas,1
escondidas avó,1
avó tivéssemos,1
tivéssemos coisas,1
coisas feitas,1
feitas andávamos,1
andávamos brincar,1
brincar levávamos,1
porrada avó,1
avó irmãos,1
irmãos avó,1
avó porrada,1
porrada lixada,1
lixada avó,1
avó tramada,1
tramada havia,1
havia algum,1
algum reuniam,1
reuniam família,1
família noite,1
noite sentávamos,1
sentávamos mesa,1
mesa verão,1
verão comíamos,1
comíamos coberto,1
coberto tinha,1
tinha mesa,1
mesa fosse,1
fosse inverno,1
inverno comíamos,1
comíamos cozinha,1
cozinha cozinha,1
cozinha labrador,1
labrador refeições,1
refeições eram,1
eram único,1
único estavam,1
estavam juntos,1
juntos éramos,1
éramos divididos,1
divididos campos,1
campos dia,1
dia ia,1
ia outro,1
outro ia,1
ia andávamos,1
andávamos juntos,1
juntos domingo,1
domingo domingo,1
domingo estávamos,1
estávamos juntos,1
juntos único,1
único dia,1
dia conseguíamos,1
conseguíamos brincar,1
brincar bocadinho,1
bocadinho descansados,1
descansados sabíamos,1
sabíamos ninguém,1
ia interromper,1
interromper brincadeiras,1
brincadeiras aproveitávamos,1
aproveitávamos pudéssemos,1
pudéssemos íamos,1
íamos terreiro,1
terreiro casa,1
casa senhorio,1
senhorio jogar,1
bola escondidas,1
escondidas ficávamos,1
ficávamos cansados,1
cansados estivéssemos,1
estivéssemos trabalhar,1
trabalhar fazíamos,1
fazíamos gostávamos,1
gostávamos tínhamos,1
tínhamos brincar,1
brincar trabalho,1
trabalho domingos,1
domingos avó,1
avó deixava,1
deixava domingos,1
domingos deixava,1
deixava bocadinho,1
bocadinho apesar,1
apesar rapazes,1
rapazes continuavam,1
continuavam brincar,1
brincar dia,1
dia raparigas,1
tinham comida,1
comida preparar,1
preparar coisas,1
coisas dia,1
dia seguinte,1
seguinte tirar,1
vacas levar,1
levar posto,1
posto avós,1
avós brincaram,1
brincaram convosco,1
convosco avô,1
avô avó,1
avó brincar,1
brincar conosco,1
conosco brincadeiras,1
brincadeiras falar,1
falar conversar,1
conversar avô,1
avô jogava,1
jogava malha,1
malha gostava,1
gostava tarefas,1
tarefas casa,1
campo bocadinho,1
bocadinho mariana,1
mariana coisas,1
coisas camas,1
camas cozinhar,1
cozinhar lavar,1
lavar roupa,1
roupa bocadinho,1
bocadinho campo,1
campo campo,1
campo cortar,1
cortar erva,1
erva buscar,1
buscar erva,1
animais sachar,1
espigas fosse,1
fosse altura,1
altura tomates,1
tomates tínhamos,1
tínhamos tardinha,1
tardinha avó,1
avó vender,1
vender praça,1
praça ia,1
ia terças,1
terças quintas,1
quintas sábados,1
sábados havia,1
havia época,1
ano faziam,1
faziam quase,1
quase mesma,1
mesma tarefa,1
tarefa alguma,1
alguma tarefas,1
tarefas tinha,1
tinha frequência,1
frequência dependia,1
dependia altura,1
altura esqueças,1
esqueças ano,1
ano estações,1
estações há,1
há estações,1
estações inverno,1
inverno campo,1
campo quase,1
quase pôr,1
pôr legumes,1
legumes havia,1
havia trabalho,1
trabalho campo,1
campo trabalhávamos,1
trabalhávamos casa,1
casa época,1
ano trabalhosa,1
trabalhosa altura,1
altura colheitas,1
colheitas milho,1
milho vinho,1
vinho altura,1
altura outubro,1
outubro setembro,1
setembro milho,1
milho começava,1
começava junho,1
junho julho,1
julho dependia,1
dependia campos,1
campos tinha,1
tinha terrenos,1
terrenos secos,1
secos época,1
época primeiros,1
primeiros milhos,1
milhos chamávamos,1
chamávamos temperão,1
temperão terrenos,1
terrenos terra,1
húmida milho,1
ficava trás,1
trás campo,1
campo avó,1
avó esfolhávamos,1
esfolhávamos avó,1
avó terra,1
húmida chamávamos,1
chamávamos campo,1
campo vessada,1
vessada crescia,1
crescia erva,1
animais tínhamos,1
tínhamos lavrar,1
lavrar campo,1
campo pôr,1
pôr milho,1
estávamos semear,1
semear milho,1
estávamos quase,1
quase cultivar,1
cultivar terrenos,1
terrenos podíamos,1
podíamos cultivar,1
cultivar outro,1
outro praticamente,1
praticamente nascer,1
nascer tarefas,1
tarefas sentia,1
sentia diferença,1
diferença tarefas,1
tarefas eram,1
eram dadas,1
dadas rapazes,1
rapazes raparigas,1
raparigas raparigas,1
tinham piores,1
trabalhos época,1
época normal,1
normal eram,1
eram piores,1
trabalhos avó,1
avó agressiva,1
agressiva raparigas,1
raparigas rapazes,1
rapazes antigamente,1
antigamente normal,1
normal claro,1
claro normal,1
normal conosco,1
conosco aconteceu,1
aconteceu avó,1
avó ia,1
ia praça,1
praça íamos,1
íamos jogar,1
bola deixávamos,1
deixávamos coisas,1
coisas tio,1
tio dizia,1
dizia meia,1
meia gente,1
gente avó,1
avó voltava,1
voltava coisas,1
coisas estavam,1
estavam levávamos,1
porrada rapazes,1
rapazes tinham,1
tinham melhores,1
melhores condições,1
condições acontecia,1
acontecia muita,1
gente labradores,1
labradores eram,1
eram avó,1
avó diferença,1
diferença avô,1
avô avô,1
avô quis,1
quis queria,1
queria trabalho,1
trabalho feito,1
feito sesta,1
sesta dele,1
dele pessoa,1
pessoa liberal,1
liberal tinha,1
tinha avó,1
avó fosse,1
fosse amiga,1
amiga deixou,1
deixou passar,1
passar fome,1
fome começávamos,1
começávamos trabalhar,1
trabalhar quis,1
quis dinheiro,1
dinheiro nenhum,1
nenhum sabia,1
sabia precisávamos,1
precisávamos dele,1
dele coisas,1
coisas começávamos,1
começávamos crescer,1
crescer trabalho,1
trabalho casa,1
casa avó,1
avó bocadinho,1
bocadinho agressiva,1
agressiva trabalhou,1
trabalhou criada,1
criada vida,1
vida alguma,1
gostava casa,1
campo piores,1
piores eram,1
eram casa,1
casa tias,1
tias queríamos,1
queríamos campo,1
campo manhã,1
manhã ia,1
campo meia,1
meia ia,1
ia sachar,1
ficava casa,1
casa tirar,1
vacas posto,1
posto posto,1
tinha sopa,1
sopa íamos,1
íamos comer,1
comer meia,1
meia manhã,1
manhã hora,1
hora comíamos,1
comíamos sopa,1
sopa tinha,1
tinha camas,1
camas tinha,1
tinha buscar,1
pão padaria,1
padaria fosse,1
fosse praticamente,1
praticamente dividido,1
dividido fosse,1
fosse pessoa,1
pessoa tinha,1
tinha andar,1
andar correr,1
correr leite,1
leite entregue,1
entregue posto,1
tinha hora,1
hora entregar,1
entregar chegasse,1
chegasse àquela,1
àquela hora,1
hora fechava,1
fechava leite,1
tinha deitar,1
deitar vida,1
vida avó,1
avó pernas,1
pernas havia,1
gostava noite,1
noite trabalhar,1
trabalhar campo,1
campo vinham,1
vinham pessoas,1
pessoas desfilhar,1
espigas milho,1
milho vinham,1
vinham máscaras,1
máscaras noite,1
noite festa,1
festa assávamos,1
castanhas cozíamos,1
cozíamos batatas,1
batatas casca,1
íamos eira,1
eira dançar,1
avô punha,1
punha gira,1
gira discos,1
discos sala,1
sala tinha,1
tinha janela,1
janela estarmos,1
estarmos cansados,1
cansados dia,1
dia cheios,1
cheios trabalhar,1
trabalhar íamos,1
dançar dia,1
dia verídico,1
verídico desfilhar,1
milho comer,1
comer castanhas,1
castanhas fogueira,1
fogueira cascas,1
cascas feijão,1
feijão ficavam,1
ficavam cascas,1
cascas ficavam,1
ficavam sequinhas,1
sequinhas assávamos,1
castanhas comíamos,1
comíamos castanhas,1
castanhas batatas,1
batatas cozidas,1
cozidas casca,1
avô dançava,1
dançava rancho,1
rancho folclórico,1
folclórico comigo,1
comigo alegria,1
alegria filha,1
filha trabalharmos,1
trabalharmos passávamos,1
passávamos fome,1
fome tínhamos,1
tínhamos queríamos,1
queríamos tínhamos,1
tínhamos arroz,1
arroz massa,1
massa sopa,1
sopa pãozinho,1
pãozinho labrador,1
labrador faltava,1
faltava graças,1
deus bacalhau,1
bacalhau peixe,1
carne eram,1
eram coisas,1
coisas havia,1
havia tirávamos,1
tirávamos batatas,1
batatas cortava,1
cortava alguma,1
alguma tínhamos,1
tínhamos cozer,1
cozer estragar,1
estragar fosse,1
fosse cozinhar,1
cozinhar quase,1
quase batatas,1
batatas escassoladas,1
escassoladas ovinhos,1
ovinhos ovinhos,1
ovinhos cozidos,1
cozidos havia,1
havia galinhas,1
galinhas avô,1
avô dizia,1
dizia comei,1
comei bacalhau,1
bacalhau claro,1
havia bacalhau,1
bacalhau nenhum,1
nenhum falando,1
falando escola,1
escola altura,1
eram professores,1
professores horríveis,1
horríveis fiquei,1
fiquei quase,1
quase cega,1
cega sabes,1
sabes causa,1
causa escola,1
escola professora,1
professora palavras,1
palavras gente,1
gente decorar,1
decorar ia,1
campo tomar,1
conta vacas,1
vacas levava,1
levava livros,1
livros deveres,1
deveres senão,1
senão levava,1
levava dúzia,1
dúzia reguadas,1
reguadas pimenta,1
pimenta língua,1
língua conseguia,1
conseguia deveres,1
deveres ia,1
ia sentada,1
sentada cama,1
cama noite,1
noite tínhamos,1
tínhamos candeeiro,1
candeeiro petróleo,1
petróleo havia,1
havia luz,1
luz quase,1
quase última,1
última azar,1
azar encontrar,1
encontrar professora,1
professora gostava,1
gostava aprender,1
aprender escola,1
escola filha,1
filha altura,1
altura gostava,1
gostava escola,1
escola avó,1
avó queria,1
queria fôssemos,1
fôssemos escola,1
escola ano,1
ano parar,1
parar estudar,1
estudar ajudar,1
casa queria,1
continuar acaso,1
acaso queria,1
queria tinha,1
tinha quase,1
quase anos,1
anos comecei,1
comecei óculos,1
óculos primos,1
primos senhora,1
senhora professora,1
professora queria,1
continuar ajudar,1
campo velha,1
velha éramos,1
éramos rapariga,1
rapariga velha,1
velha tinha,1
tinha olhar,1
olhar irmãos,1
irmãos pequenos,1
pequenos deixou,1
deixou estudar,1
estudar pudesse,1
pudesse continuado,1
continuado acha,1
acha acabaria,1
acabaria queria,1
queria professora,1
altura professora,1
altura queria,1
queria causa,1
causa óculos,1
óculos pronto,1
pronto penúltima,1
penúltima pergunta,1
pergunta pudesse,1
pudesse voltar,1
voltar mudar,1
mudar alguma,1
alguma mudava,1
mudava feliz,1
feliz palmadas,1
palmadas filha,1
filha andava,1
andava barulho,1
barulho dava,1
dava tristeza,1
tristeza demos,1
demos irmãs,1
irmãs vês,1
vês sendo,1
sendo tantos,1
tantos graças,1
deus mudava,1
mudava mudava,1
mudava pior,1
pior última,1
última acha,1
acha crianças,1
crianças hoje,1
hoje podiam,1
podiam aprender,1
aprender infância,1
infância mínima,1
mínima muita,1
muita aprender,1
aprender humildes,1
humildes hoje,1
hoje canalha,1
canalha estragada,1
estragada sinceramente,1
sinceramente acima,1
acima bocadinho,1
bocadinho antiquada,1
antiquada aprenderem,1
aprenderem tratar,1
tratar pais,1
pais fiz,1
fiz caso,1
caso humildade,1
humildade calhar,1
calhar respeito,1
respeito pessoas,1
pessoas velhas,1
velhas canalha,1
canalha vês,1
vês sobrinhas,1
sobrinhas respeito,1
respeito nenhum,1
nenhum pais,1
pais jamais,1
jamais fazíamos,1
fazíamos pais,1
pais avó,1
avó chamava,1
chamava mim,1
mim dizia,1
dizia filha,1
filha chegava,1
chegava noite,1
noite quase,1
quase trincava,1
trincava orelha,1
orelha unha,1
unha unha,1
unha tínhamos,1
tínhamos tratar,1
tratar velho,1
velho senhor,1
senhor percebíamos,1
percebíamos podíamos,1
podíamos falar,1
falar maneira,1
maneira maneira,1
maneira melhor,1
melhor ensinar,1
ensinar respeito,1
respeito educação,1
educação deram,1
deram irmãos,1
irmãos vida,1
conseguimos hoje,1
dia pai,1
pai chama,1
chama avó,1
avó chama,1
chama oh,1
oh verdade,1
verdade mentira,1
mentira tios,1
tios mesma,1
mesma educação,1
educação sabemos,1
sabemos educação,1
educação antigamente,1
antigamente tempos,1
tempos antiquados,1
antiquados apesar,1
apesar tentarmos,1
tentarmos melhor,1
melhor memória,1
antiga recordas,1
recordas recordo,1
recordo memória,1
antiga falecido,1
falecido avô,1
marinheiro responsável,1
responsável matosinhos,1
matosinhos praias,1
praias docas,1
docas íamos,1
muitas brincar,1
brincar casa,1
casa dele,1
dele tinha,1
tinha certinho,1
certinho canetas,1
canetas sítio,1
sítio certo,1
certo boné,1
boné mexíamos,1
mexíamos naquilo,1
naquilo ficava,1
ficava furioso,1
furioso atraso,1
atraso ralhar,1
ralhar batia,1
batia ralhar,1
ralhar homem,1
homem alto,1
alto parecido,1
parecido militar,1
militar fugiu,1
fugiu anos,1
anos casa,1
casa pais,1
pais salistar,1
salistar marinha,1
marinha ficou,1
ficou vida,1
vida marinha,1
marinha cabo,1
guerra rígido,1
rígido disciplinado,1
disciplinado crianças,1
crianças tínhamos,1
tínhamos disciplina,1
disciplina gostava,1
gostava treta,1
treta memória,1
memória pai,1
pai íamos,1
íamos palácio,1
palácio cristal,1
cristal comer,1
comer batatas,1
fritas andar,1
andar barcos,1
barcos motor,1
motor havia,1
havia antigamente,1
antigamente passo,1
passo cristal,1
cristal pistas,1
pistas carrinhos,1
carrinhos pai,1
pai gostava,1
gostava andar,1
andar comigo,1
comigo praia,1
praia mãe,1
praia setembro,1
setembro mãe,1
mãe aprendi,1
aprendi nadar,1
nadar anos,1
anos deidade,1
deidade sabia,1
sabia nadar,1
nadar nava,1
nava pai,1
pai pé,1
pé mãe,1
mãe gostava,1
gostava ideia,1
ideia pé,1
pé borda,1
borda dele,1
dele memórias,1
memórias eue,1
eue lembro,1
lembro matosinhos,1
matosinhos festas,1
festas estacos,1
estacos hóquei,1
hóquei pai,1
pai oferecia,1
oferecia anos,1
taco hóquei,1
hóquei bola,1
bola anos,1
taco diferente,1
diferente cor,1
cor diferente,1
diferente mim,1
mim sócio,1
sócio benfica,1
benfica formo,1
formo sócio,1
sócio leixões,1
leixões paguei,1
paguei cota,1
cota pagava,1
pagava pagar,1
pagar gostava,1
gostava fosse,1
fosse adepto,1
adepto dessas,1
dessas equipas,1
equipas terra,1
terra leixões,1
leixões benfica,1
benfica apaixona,1
apaixona pai,1
pai arranjou,1
arranjou emprego,1
emprego discos,1
discos pai,1
pai sabia,1
sabia gostava,1
gostava música,1
música discos,1
discos arranjava,1
arranjava emprego,1
emprego brasília,1
brasília cliente,1
cliente dele,1
dele restaurante,1
restaurante trabalhava,1
trabalhava tinha,1
tinha loja,1
loja precisava,1
precisava alguém,1
alguém ajudar,1
ajudar vendas,1
vendas pai,1
pai mim,1
mim contente,1
contente ganhei,1
ganhei há,1
anos vender,1
vender discos,1
discos coisas,1
coisas lembrar,1
lembrar antigas,1
antigas mãe,1
praia éclays,1
éclays gostava,1
gostava senhoras,1
senhoras pastelarias,1
pastelarias iam,1
iam levar,1
levar bolos,1
bolos vendiam,1
vendiam bolos,1
bolos praias,1
praias gelados,1
gelados ganharam,1
ganharam vendidos,1
vendidos praias,1
praias língua,1
língua sogra,1
sogra batatas,1
fritas água,1
água gelada,1
gelada praia,1
matosinhos estamos,1
estamos praia,1
praia controvoada,1
controvoada chuva,1
chuva sol,1
sol mãe,1
mãe ia,1
ia dias,1
dias praia,1
praia interessava,1
interessava conforme,1
conforme tivesse,1
tivesse chover,1
chover ia,1
ia fosse,1
fosse travada,1
travada ia,1
ia nortardas,1
nortardas saía,1
saía praia,1
praia tinha,1
tinha série,1
série ossos,1
ossos precisava,1
precisava iodo,1
iodo mar,1
mar ia,1
ia altura,1
altura verão,1
verão setembro,1
setembro santos,1
santos dias,1
dias ia,1
ia independentemente,1
independentemente estivesse,1
estivesse dias,1
dias mesmas,1
mesmas horas,1
horas antigas,1
antigas falaste,1
falaste avô,1
marinheiro há,1
alguma memória,1
memória chama,1
chama atenção,1
atenção passaste,1
passaste homens,1
homens temporal,1
temporal porto,1
leixões manhã,1
manhã saiu,1
saiu casa,1
casa correr,1
correr marcos,1
marcos remos,1
remos mar,1
mar correr,1
correr risco,1
risco vida,1
vida nuno,1
nuno navios,1
navios estavam,1
estavam afundar,1
afundar mau,1
mau relativamente,1
relativamente porto,1
leixões mar,1
mar aberto,1
aberto á,1
á mar,1
mar mau,1
mau socorrer,1
socorrer salvou,1
salvou muitas,1
muitas vidas,1
vidas colegas,1
colegas estavam,1
estavam marinheiros,1
marinheiros pessoas,1
pessoas civis,1
civis pescadores,1
pescadores gente,1
gente água,1
água durante,1
durante noite,1
noite ressalvar,1
ressalvar pessoas,1
pessoas tinha,1
tinha diploma,1
diploma sabia,1
sabia orgulho,1
orgulho covos,1
covos náufragos,1
náufragos participação,1
participação data,1
data socorro,1
socorro gente,1
gente assustadora,1
assustadora pessoas,1
iam ondas,1
ondas m,1
m altura,1
altura barquinho,1
barquinho remos,1
remos salvar,1
estavam afogar,1
afogar barcos,1
barcos estavam,1
estavam fundo,1
fundo salvar,1
pessoas claro,1
claro dias,1
dias hoje,1
hoje homem,1
coragem dúvida,1
dúvida homem,1
coragem avô,1
avô defeitos,1
defeitos guerra,1
mundial áfrica,1
áfrica barco,1
barco barco,1
atingido submarino,1
submarino alemão,1
alemão afundou,1
afundou fragata,1
fragata portuguesa,1
portuguesa mar,1
mar dias,1
dias barcos,1
barcos rações,1
rações beber,1
beber serem,1
serem salvo,1
salvo salvos,1
salvos fragata,1
fragata inglesa,1
inglesa quase,1
quase pão,1
pão água,1
água beber,1
beber água,1
água mar,1
mar últimos,1
últimos dias,1
dias serem,1
serem salvos,1
salvos estavam,1
estavam completo,1
completo desespero,1
desespero pronto,1
pronto morreu,1
morreu alguém,1
alguém durante,1
durante dias,1
dias desidratado,1
desidratado pronto,1
pronto pessoas,1
pessoas feridas,1
feridas barco,1
atingido histórias,1
histórias contava,1
contava dia,1
dia pôs,1
pôs sentimento,1
sentimento senhoras,1
praia podiam,1
podiam mostrar,1
mostrar cm,1
perna andava,1
andava fita,1
fita métrica,1
métrica praias,1
praias senhoras,1
praia tinham,1
tinham cêntimos,1
cêntimos tivesse,1
tivesse cêntimos,1
cêntimos perna,1
mostra apanhava,1
apanhava multa,1
multa passava,1
passava multa,1
multa altura,1
iam pagar,1
pagar capitania,1
capitania porto,1
porto obrigação,1
obrigação dele,1
dele verificar,1
verificar senhoras,1
senhoras tinham,1
mostra havia,1
havia praia,1
matosinhos praia,1
praia ingleses,1
ingleses existe,1
existe curva,1
curva castelo,1
castelo queijo,1
queijo ingleses,1
ingleses frequentavam,1
frequentavam praia,1
praia ia,1
ia fiscalizações,1
fiscalizações senhoras,1
senhoras inglesas,1
inglesas tinham,1
mostra disse,1
disse eram,1
eram multadas,1
multadas seriamente,1
seriamente multadas,1
multadas coisas,1
coisas contava,1
contava curiosidades,1
curiosidades marinha,1
marinha chegou,1
chegou capitania,1
capitania matosinhos,1
matosinhos capitão,1
capitão cabo,1
guerra atual,1
atual hoje,1
hoje tenente,1
tenente altura,1
havia guerra,1
tinha posto,1
posto militar,1
militar capitania,1
capitania leixões,1
leixões falava,1
falava guerra,1
tinha muita,1
muita dificuldade,1
dificuldade falar,1
falar contigo,1
contigo tinha,1
tinha dificuldade,1
dificuldade contrário,1
contrário gostava,1
gostava normalmente,1
normalmente muita,1
coragem orgulho,1
orgulho guerra,1
guerra feitos,1
feitos poucos,1
poucos combates,1
combates guerra,1
mundial assustaram,1
assustaram óbvio,1
óbvio ninguém,1
ia ferro,1
ferro tinha,1
tinha tomou,1
tomou banho,1
quente vida,1
vida tomar,1
tomar banho,1
água fria,1
fria sabia,1
sabia água,1
quente banhos,1
banhos importância,1
importância fotografias,1
fotografias trouxeste,1
trouxeste pai,1
pai mãe,1
mãe velhitos,1
velhitos mãe,1
demente fotografia,1
fotografia neto,1
neto acabou,1
acabou nascer,1
nascer pai,1
pai cara,1
cara mau,1
mau mau,1
mau má,1
má pessoa,1
pessoa mau,1
mau ninguém,1
ninguém contrário,1
contrário tinha,1
tinha cara,1
cara bocado,1
bocado sisudo,1
sisudo defeito,1
defeito mãe,1
mãe mentes,1
mentes doente,1
doente altura,1
altura alegria,1
alegria mãe,1
pai óbvio,1
óbvio nasceram,1
nasceram netinho,1
netinho alguma,1
alguma saudade,1
saudade fotografia,1
fotografia fase,1
fase vida,1
vida deles,1
deles passado,1
passado tempos,1
tempos pessoas,1
pessoas acabam,1
acabam falecer,1
falecer outro,1
outro ano,1
ano intervalo,1
intervalo mãe,1
mãe demência,1
demência tinha,1
tinha acabou,1
acabou falecer,1
falecer passou,1
passou pai,1
pai cancro,1
cancro tinha,1
tinha mãe,1
mãe seguida,1
seguida passado,1
passado ano,1
ano fase,1
fase mãe,1
demente totalidade,1
totalidade cair,1
cair calhar,1
calhar acamado,1
acamado pai,1
pai lembro,1
lembro tratava,1
tratava mãe,1
mãe presente,1
presente irmãs,1
irmãs principalmente,1
principalmente irmã,1
irmã velha,1
velha maria,1
maria josé,1
josé raramente,1
raramente ia,1
ia casa,1
casa ia,1
ia visita,1
visita praxe,1
praxe ajudava,1
ajudava irmã,1
irmã ficava,1
ficava dias,1
dias mãe,1
pai ia,1
ia semana,1
semana descansar,1
descansar ia,1
ia sábado,1
sábado ficava,1
ficava tomar,1
conta deles,1
deles irmã,1
irmã descansar,1
descansar faleceram,1
faleceram fotografia,1
fotografia alegria,1
alegria tristeza,1
tristeza fase,1
fase chata,1
chata fotografia,1
fotografia fotografia,1
fotografia avô,1
avô importante,1
importante importante,1
importante homem,1
homem homem,1
homem medalhado,1
tinha medalhas,1
medalhas tinha,1
tinha medalhado,1
muitas medalhas,1
medalhas principalmente,1
principalmente guerra,1
mundial combates,1
combates mar,1
mar promovido,1
promovido marinheiro,1
marinheiro promovido,1
promovido cabo,1
cabo cabo,1
cabo mário,1
mário guerra,1
guerra homem,1
carreira prática,1
prática guerra,1
guerra barcos,1
barcos capitania,1
capitania guerra,1
mundial salvação,1
salvação rua,1
rua morava,1
morava mãe,1
mãe mulher,1
mulher trazia,1
trazia trazia,1
trazia chocolates,1
chocolates trazia,1
trazia peixes,1
peixes trazia,1
trazia brinquedos,1
brinquedos trazer,1
trazer ninguém,1
ninguém tinha,1
tinha única,1
única conseguia,1
trazer pão,1
pão racionado,1
racionado senhas,1
senhas permitia,1
permitia pão,1
pão conseguia,1
trazer avó,1
avó mãe,1
mãe iam,1
iam filas,1
filas pão,1
pão terminavas,1
terminavas senhas,1
senhas racionalizadas,1
racionalizadas guerra,1
mundial buscar,1
pão resto,1
resto gente,1
gente tinha,1
tinha bebidas,1
bebidas peixe,1
carne rua,1
rua partilhava,1
partilhava gente,1
gente homem,1
homem sisudo,1
sisudo homem,1
militar disciplinado,1
disciplinado ajudava,1
gente ajudava,1
gente alguma,1
alguma gostavas,1
gostavas seguido,1
seguido passos,1
passos avô,1
avô havia,1
gente tantos,1
tantos voluntários,1
voluntários altura,1
altura fiquei,1
territorial durante,1
durante ano,1
espera recebi,1
recebi carta,1
carta marinha,1
marinha pensava,1
pensava chamado,1
chamado reserva,1
reserva tinha,1
tinha acabado,1
acabado prazo,1
prazo voluntariado,1
voluntariado chamado,1
chamado pronto,1
pronto tinha,1
tinha voluntariado,1
voluntariado fuzileiros,1
fuzileiros altura,1
eram tantos,1
tantos gente,1
gente selecionada,1
selecionada bocado,1
bocado aleatório,1
aleatório quase,1
quase sorteio,1
sorteio chamados,1
chamados chamados,1
chamados fiquei,1
reserva ano,1
espera chamado,1
chamado alguma,1
alguma desistência,1
desistência entrar,1
entrar entanto,1
entanto ninguém,1
ninguém desistiu,1
desistiu fiquei,1
reserva incorporação,1
incorporação passei,1
passei reserva,1
territorial tropa,1
tropa daqueles,1
daqueles voluntariou,1
voluntariou há,1
alguma arrependas,1
arrependas feito,1
feito arrependo,1
arrependo daquilo,1
fiz daquilo,1
fiz arrependi,1
arrependi arrependes,1
arrependes feito,1
feito consegui,1
consegui ido,1
ido marinha,1
marinha avô,1
avô vou,1
vou consegui,1
consegui entrado,1
entrado fuzileiros,1
fuzileiros calhar,1
calhar melhor,1
melhor calhar,1
calhar tinha,1
tinha militar,1
carreira avô,1
avô provavelmente,1
provavelmente sobrinhos,1
sobrinhos matar,1
matar matar,1
matar carreira,1
carreira inspirado,1
inspirado bocadinho,1
bocadinho bisavô,1
bisavô comandos,1
comandos comando,1
comando paraquedismo,1
paraquedismo sargento,1
sargento comando,1
comando paraquedista,1
paraquedista inspirado,1
inspirado carreira,1
carreira aluno,1
aluno bisavô,1
bisavô caso,1
caso bisavô,1
bisavô pudesse,1
pudesse alguma,1
alguma alguém,1
alguém partiu,1
partiu dirias,1
dirias ui,1
ui ideia,1
ideia depende,1
depende pessoa,1
pessoa partiu,1
partiu ideia,1
ideia disseste,1
disseste querias,1
querias gente,1
gente venham,1
venham costumavas,1
costumavas rua,1
rua eras,1
eras idade,1
idade primária,1
primária secundário,1
secundário andava,1
andava rua,1
rua sair,1
casa férias,1
férias principalmente,1
principalmente sair,1
casa juntarmos,1
juntarmos amigos,1
amigos rua,1
irmos andar,1
bicicleta jogar,1
bola rua,1
irmos praia,1
praia basicamente,1
basicamente estávamos,1
estávamos praia,1
praia fizemos,1
fizemos praia,1
praia ano,1
ano verão,1
verão inverno,1
inverno irmos,1
irmos recreio,1
recreio praia,1
praia íamos,1
íamos barco,1
barco praia,1
praia pai,1
pai tinha,1
tinha barco,1
barco borracha,1
borracha inverno,1
inverno íamos,1
íamos praia,1
praia conseguimos,1
conseguimos vencer,1
vencer ondas,1
ondas íamos,1
íamos bicicleta,1
bicicleta quilómetros,1
quilómetros íamos,1
íamos noite,1
noite porto,1
porto arrábida,1
arrábida andar,1
bicicleta vida,1
vida diferente,1
diferente tínhamos,1
tínhamos inventar,1
inventar gente,1
gente internet,1
internet jogos,1
jogos computador,1
computador telemóveis,1
telemóveis redes,1
redes sociais,1
sociais altura,1
havia inventar,1
inventar passatempos,1
passatempos andámos,1
andámos muitas,1
muitas ganhar,1
ganhar dinheiro,1
dinheiro íamos,1
íamos buscar,1
buscar percebas,1
percebas camarões,1
camarões camarões,1
camarões pequenininhos,1
pequenininhos rochas,1
rochas caranguejos,1
caranguejos íamos,1
íamos vender,1
vender marisqueiras,1
marisqueiras algum,1
algum dinheiro,1
dinheiro irmos,1
irmos cinema,1
cinema beber,1
beber entretenimento,1
entretenimento íamos,1
muitas corridas,1
corridas vila,1
conde paixão,1
paixão automóveis,1
automóveis passámos,1
passámos semana,1
semana íamos,1
íamos comboio,1
comboio tendas,1
tendas adulto,1
adulto connosco,1
connosco íamos,1
íamos acampados,1
acampados diversão,1
diversão dias,1
dias corridas,1
corridas automóveis,1
automóveis manhã,1
manhã aceleras,1
aceleras noite,1
noite polícia,1
polícia chegava,1
chegava acabava,1
acabava diversão,1
diversão daqueles,1
daqueles milhares,1
milhares pessoas,1
estavam vila,1
conde assistir,1
assistir habilidades,1
habilidades condutores,1
condutores ocasião,1
ocasião afinal,1
afinal automóveis,1
automóveis parques,1
parques escapismo,1
escapismo campismo,1
campismo comecei,1
comecei carta,1
carta condução,1
condução íamos,1
íamos pá,1
pá íamos,1
íamos campismo,1
campismo aveiro,1
aveiro douro,1
douro espanha,1
espanha irmos,1
irmos discotecas,1
discotecas espanha,1
espanha ficámos,1
ficámos dormir,1
dormir baiona,1
baiona parque,1
parque campismo,1
campismo noutros,1
noutros sítios,1
sítios eram,1
eram eram,1
eram diferente,1
diferente arranjar,1
arranjar soluções,1
soluções entreter,1
entreter cinema,1
cinema star,1
wars star,1
wars filmes,1
filmes spielberg,1
spielberg altura,1
altura coqueluche,1
coqueluche ficou,1
ficou marca,1
marca geração,1
geração gosta,1
gosta filmes,1
filmes star,1
wars diga,1
diga gosta,1
gosta star,1
wars apareceu,1
apareceu alien,1
alien ficou,1
ficou memória,1
memória gente,1
gente eram,1
eram filmes,1
filmes hoje,1
dia bocado,1
bocado ridículos,1
ridículos efeitos,1
especiais eram,1
eram demasiado,1
demasiado básicos,1
básicos comparados,1
comparados efeitos,1
especiais há,1
há hoje,1
dia parecia,1
parecia real,1
real luxo,1
luxo apareceram,1
apareceram computadores,1
computadores spectrum,1
spectrum juntávamos,1
juntávamos gajos,1
gajos casa,1
casa casa,1
casa outro,1
outro amigo,1
amigo jogar,1
jogar spectrum,1
spectrum comprar,1
comprar revistas,1
revistas tabacarias,1
tabacarias código,1
código linhas,1
linhas códigos,1
códigos básicas,1
básicas jogos,1
jogos cassete,1
cassete leitores,1
leitores fascinados,1
fascinados hoje,1
dia olhamos,1
olhamos ridículo,1
ridículo demasiado,1
demasiado básico,1
básico demasiado,1
demasiado rudimentar,1
rudimentar primitivo,1
primitivo entretenimento,1
entretenimento estarmos,1
estarmos apareceu,1
apareceu comodor,1
comodor evoluindo,1
evoluindo rapaz,1
rapaz básico,1
básico tratamento,1
tratamento viajaste,1
viajaste sítios,1
sítios chamam,1
chamam atenção,1
atenção memórias,1
memórias brasil,1
brasil saudades,1
saudades resto,1
resto bonito,1
bonito deixa,1
deixa saudades,1
saudades brasil,1
brasil país,1
país bonito,1
bonito oportunidade,1
oportunidade dias,1
dias largos,1
largos dias,1
dias dias,1
dias acho,1
acho brasil,1
brasil rio,1
dentista osvaldo,1
janeiro percorri,1
percorri baía,1
baía zona,1
zona baía,1
baía brasil,1
brasil nordeste,1
nordeste salvador,1
salvador meteu,1
meteu tartarugas,1
tartarugas pôr,1
pôr ovos,1
ovos mesma,1
mesma série,1
médico dentista,1
coisas vi,1
vi sítios,1
sítios fantásticos,1
fantásticos barato,1
barato ridiculamente,1
ridiculamente barato,1
barato altura,1
altura transição,1
transição escudo,1
escudo euro,1
euro levamos,1
levamos euros,1
euros altura,1
altura lembra,1
lembra euros,1
euros comprei,1
comprei alguma,1
alguma paguei,1
paguei trouxe,1
trouxe dinheiro,1
dinheiro volta,1
volta consigo,1
consigo gastar,1
gastar euros,1
euros metade,1
metade ia,1
ia gastei,1
gastei saímos,1
saímos restaurantes,1
restaurantes caríssimos,1
caríssimos brasileiros,1
brasileiros ordenado,1
nasceu dia,1
mínimo brasil,1
brasil eram,1
eram minto,1
minto eram,1
eram euros,1
euros euros,1
euros mínimo,1
mínimo euros,1
euros conta,1
conta ordenados,1
ordenados dava,1
dava dias,1
dias gasto,1
gasto ordenados,1
ordenados brasileiros,1
brasileiros altura,1
altura barato,1
barato achávamos,1
achávamos estranho,1
estranho canos,1
canos ficávamos,1
ficávamos dúvida,1
dúvida será,1
será enganamos,1
enganamos contas,1
contas demasiado,1
demasiado barato,1
barato chinelo,1
chinelo havaianas,1
havaianas chegava,1
chegava euro,1
euro cêntimos,1
cêntimos havaianas,1
havaianas biquíni,1
biquíni daqueles,1
daqueles brasileiros,1
brasileiros vendiam,1
vendiam caros,1
caros custavam,1
custavam euros,1
euros refeição,1
refeição lagosta,1
lagosta marisco,1
marisco cervejas,1
cervejas sobremesas,1
sobremesas pessoas,1
pessoas chegava,1
chegava euros,1
euros nestes,1
nestes valores,1
valores brasil,1
brasil comportava,1
comportava hoje,1
dia mesma,1
mesma apercebi,1
apercebi brasil,1
brasil barato,1
barato viagens,1
viagens alojamento,1
alojamento viagens,1
viagens caras,1
caras resto,1
resto vida,1
vida euro,1
euro forte,1
forte real,1
real continua,1
continua propulsão,1
propulsão reais,1
havia muita,1
euro altura,1
altura reais,1
euro fácil,1
fácil conta,1
conta reais,1
reais euros,1
euros sabemos,1
sabemos quantos,1
quantos reais,1
reais dinheiro,1
dinheiro altura,1
altura podemos,1
podemos luxo,1
luxo jantar,1
jantar pagar,1
pagar ordenado,1
mínimo brasileiro,1
brasileiro passava,1
passava euros,1
euros ridículo,1
ridículo paramos,1
paramos padrão,1
padrão tínhamos,1
tínhamos altura,1
altura europa,1
europa portugal,1
portugal ridículo,1
ridículo estamos,1
estamos falar,1
falar mesma,1
mesma pegámos,1
pegámos ordenado,1
ordenado euros,1
euros gastamos,1
gastamos jantar,1
jantar mesma,1
mesma brasileiros,1
brasileiros sentiam,1
sentiam gastávamos,1
gastávamos euros,1
euros jantar,1
jantar almoço,1
almoço achar,1
achar gajos,1
gajos dinheiro,1
dinheiro pronto,1
pronto pronto,1
pronto barato,1
barato memórias,1
memórias rio,1
janeiro bonito,1
bonito perigoso,1
perigoso andámos,1
andámos escondidos,1
escondidos sinal,1
sinal dedo,1
dedo calções,1
gente quase,1
banho calções,1
calções short,1
short shortsinhos,1
shortsinhos calções,1
calções calções,1
banho toalha,1
toalha braço,1
braço parecermos,1
parecermos turistas,1
turistas altura,1
altura perigoso,1
perigoso rio,1
janeiro perigoso,1
perigoso há,1
há algum,1
algum sítio,1
sítio tenhas,1
tenhas viajado,1
viajado gostava,1
quase senhoras,1
senhoras estavam,1
tunísia á,1
á tunísia,1
tunísia gostava,1
tunísia bonita,1
bonita países,1
estavam bebé,1
árabes calhar,1
calhar bonitos,1
bonitos egito,1
egito gostava,1
gostava egipto,1
egipto história,1
história pirâmides,1
pirâmides nilo,1
nilo lindíssimo,1
lindíssimo tunísia,1
tunísia países,1
países calhar,1
calhar países,1
árabes europeus,1
europeus possa,1
possa chamar,1
chamar mundo,1
bebé tinham,1
árabe muita,1
muita influência,1
influência turismo,1
turismo vocacionados,1
vocacionados turismo,1
turismo águas,1
águas cenários,1
tinham problemas,1
wars tatooine,1
tatooine existe,1
existe autor,1
autor saga,1
saga star,1
wars preocupou,1
preocupou mudar,1
mudar nome,1
nome aldeia,1
aldeia manteve,1
manteve tatooine,1
tatooine deixar,1
deixar tatooine,1
tatooine cenário,1
cenário tatooine,1
tatooine pronto,1
pronto alterações,1
alterações cenários,1
wars bonito,1
bonito romana,1
romana há,1
há tunísia,1
tunísia vê,1
vê sicília,1
sicília outro,1
outro dias,1
dias claros,1
claros terra,1
terra curto,1
curto distância,1
distância pequena,1
pequena barco,1
barco itália,1
itália tunísia,1
tunísia romanos,1
romanos vieram,1
vieram vieram,1
vieram trouxeram,1
trouxeram azeite,1
azeite trouxeram,1
trouxeram série,1
coisas tunísia,1
problemas relacionados,1
tunísia principais,1
principais mundo,1
mundo tounense,1
tounense universo,1
universo star,1
wars desertos,1
desertos cidades,1
cidades romanas,1
romanas fenícias,1
fenícias povos,1
povos passaram,1
passaram tunísia,1
tunísia bonito,1
bonito judeus,1
judeus único,1
único país,1
país judeus,1
relacionados ginecologia,1
árabes entendem,1
entendem vivem,1
vivem vivem,1
vivem perfeitamente,1
perfeitamente perfeita,1
perfeita harmonia,1
harmonia há,1
há judeus,1
judeus há,1
há árabes,1
árabes gente,1
gente vê,1
vê conflitos,1
conflitos israelitas,1
israelitas palestinianos,1
palestinianos mundo,1
árabe judeus,1
árabes tunísia,1
tunísia há,1
há problema,1
problema judeus,1
judeus judeus,1
judeus realmente,1
realmente orientados,1
orientados jóias,1
jóias livros,1
livros praticamente,1
praticamente livro,1
livro judeus,1
judeus jóias,1
jóias tunisinas,1
tunisinas geralmente,1
geralmente famílias,1
famílias judaicas,1
judaicas produção,1
produção conceção,1
conceção jóias,1
jóias judaico,1
judaico há,1
há há,1
há conflitos,1
conflitos judeus,1
árabes religiões,1
religiões toleradas,1
toleradas ninguém,1
ginecologia iam,1
ninguém fundamentalista,1
fundamentalista pergunta,1
pergunta resposta,1
resposta hoje,1
hoje entrevistar,1
entrevistar avó,1
avó irei,1
iam médico,1
médico referência,1
perguntas responder,1
responder procurarei,1
procurarei objetivo,1
objetivo respostas,1
respostas possam,1
possam fluídas,1
fluídas sendo,1
sendo hoje,1
hoje irei,1
perguntas objetivo,1
objetivo conversa,1
conversa informal,1
informal espera,1
espera consigas,1
consigas responder,1
responder praticamente,1
praticamente irei,1
irei perguntar,1
perguntar infância,1
infância lembras,1
lembras feliz,1
feliz diferente,1
diferente hoje,1
hoje igual,1
igual deves,1
deves calcular,1
calcular nasci,1
nasci há,1
anos época,1
época vida,1
vida completamente,1
completamente diferente,1
diferente infância,1
infância feliz,1
feliz avó,1
avó deu,1
deu carinho,1
carinho deu,1
deu amor,1
amor tinha,1
tinha irmãs,1
irmãs velja,1
velja morreu,1
morreu nasci,1
nasci pediram,1
pediram nascesse,1
nascesse acabei,1
acabei menina,1
menina mimo,1
mimo mimada,1
mimada mãe,1
mãe irmãos,1
irmãos pai,1
pai vizinhos,1
vizinhos vivíamos,1
vivíamos angola,1
referência gente,1
angola tínhamos,1
gente confiava,1
vida livre,1
livre portugal,1
portugal penso,1
penso portugal,1
portugal comparo,1
comparo bocadinho,1
bocadinho vida,1
vida aldeias,1
aldeias morássemos,1
morássemos cidade,1
cidade tínhamos,1
tínhamos liberdade,1
liberdade sair,1
casa andarmos,1
andarmos descalços,1
descalços subir,1
subir árvores,1
árvores brincar,1
brincar havia,1
havia empatia,1
empatia vizinhos,1
vizinhos deixavam,1
deixavam vizinhos,1
vizinhos praticamente,1
praticamente familiares,1
familiares infância,1
infância guardo,1
guardo saudade,1
saudade feliz,1
feliz entretanto,1
confiava médico,1
começamos pergunta,1
evoluindo acabámos,1
acabámos estudos,1
estudos comecei,1
comecei trabalhar,1
dormíamos pessoas,1
banca casei,1
casei casamento,1
casamento nasceram,1
pessoas cama,1
filhos amores,1
amores vida,1
vida faria,1
faria deram,1
deram netos,1
netos luz,1
luz vida,1
vida feliz,1
feliz miúdos,1
miúdos acabaram,1
acabaram corresponder,1
corresponder objetivos,1
objetivos pretendia,1
pretendia vida,1
vida respeita,1
respeita educação,1
educação pessoas,1
pessoas realmente,1
realmente orgulho,1
orgulho deram,1
deram desgostos,1
desgostos comportados,1
comportados caráter,1
caráter índole,1
índole amigos,1
amigos poderia,1
poderia desejar,1
desejar vida,1
vida nasceste,1
nasceste ano,1
ano nasci,1
nasci vivi,1
vivi cidade,1
cidade benguela,1
benguela angola,1
angola anos,1
anos lobito,1
lobito cidade,1
cidade fica,1
fica km,1
km benguela,1
benguela entretanto,1
entretanto vim,1
cama quantos,1
portugal passar,1
passar férias,1
férias pai,1
pai família,1
família conheci,1
conheci familiares,1
familiares região,1
região douro,1
douro origem,1
origem pai,1
pai pai,1
pai nasceu,1
nasceu douro,1
douro avó,1
avó irmãs,1
irmãs entretanto,1
entretanto nasci,1
nasci angola,1
angola irmãos,1
irmãos irmãos,1
irmãos unidos,1
unidos apoiamos,1
apoiamos houve,1
houve problemas,1
problemas vida,1
vida tranquila,1
tranquila vim,1
portugal cidade,1
cidade cidade,1
cidade norte,1
norte angola,1
angola cidade,1
cidade cabinda,1
cabinda época,1
época começou,1
começou prospeção,1
prospeção petróleo,1
petróleo eua,1
eua resultou,1
resultou evolução,1
evolução cidade,1
cidade começaram,1
começaram muitas,1
muitas pessoas,1
pessoas eram,1
eram contratadas,1
contratadas cabinda,1
cabinda golf,1
golf precisamente,1
precisamente fazerem,1
fazerem exploração,1
quantos moravam,1
petróleo inicialmente,1
inicialmente trabalhei,1
trabalhei companhia,1
companhia americana,1
americana marine,1
marine service,1
service empresa,1
empresa destinava,1
destinava tratar,1
tratar logística,1
logística sondas,1
sondas estavam,1
estavam mar,1
mar ano,1
ano banca,1
banca ingressei,1
moravam certo,1
banco fiquei,1
fiquei ligada,1
ligada banca,1
banca reforma,1
reforma angola,1
certo éramos,1
trabalhei banco,1
éramos filhos,1
crédito banco,1
filhos pais,1
pais casa,1
standard vim,1
portugal abril,1
abril ingressei,1
campo tinha,1
santander aliás,1
aliás banco,1
tinha quartos,1
açores hoje,1
hoje banco,1
santander fiz,1
fiz carreira,1
carreira gostei,1
gostei trabalho,1
trabalho fiz,1
fiz criei,1
criei amigos,1
amigos conheci,1
conheci muita,1
gente cabo,1
cabo percurso,1
percurso vida,1
vida joão,1
joão cabinda,1
cabinda altura,1
altura cidade,1
quartos crescer,1
pequena cidade,1
cidade si,1
si cidade,1
pequena gente,1
gente conhecia,1
conhecia pessoas,1
pessoas viviam,1
viviam muita,1
muita facilidade,1
facilidade vida,1
vida barata,1
barata cidade,1
cidade rica,1
rica pessoas,1
pessoas conhecendo,1
conhecendo solidárias,1
solidárias muitas,1
muitas festas,1
festas tinha,1
tinha praias,1
praias espetaculares,1
espetaculares floresta,1
floresta mundo,1
mundo imponente,1
imponente consegui,1
consegui entrar,1
entrar nela,1
nela li,1
li realmente,1
realmente cidades,1
cidades gostei,1
gostei viver,1
viver tínhamos,1
vida fácil,1
fácil sabíamos,1
sabíamos eram,1
eram dificuldades,1
dificuldades população,1
população pobre,1
pobre faltava,1
faltava indispensável,1
indispensável viviam,1
viviam relativamente,1
relativamente havia,1
havia pessoas,1
pessoas pobres,1
pobres altura,1
altura moeda,1
moeda escudo,1
escudo escudo,1
escudo angolano,1
angolano altura,1
altura devia,1
devia tinha,1
tinha portugal,1
portugal havia,1
alguma dificuldade,1
dificuldade transferir,1
transferir dinheiro,1
dinheiro tinha,1
tinha haver,1
haver justificação,1
justificação tinha,1
tinha justificar,1
justificar transferência,1
transferência exigiu,1
exigiu altura,1
crescer tantos,1
portugal angola,1
angola queria,1
queria estilo,1
estilo vida,1
vida dificilmente,1
dificilmente contar,1
contar vivido,1
vivido pensavam,1
pensavam regressar,1
regressar portugal,1
portugal deparei,1
deparei muita,1
gente vinha,1
vinha passar,1
passar portugal,1
portugal passado,1
passado dias,1
dias regressava,1
regressava adaptavam,1
adaptavam vida,1
tantos irmãos,1
portugal regressavam,1
regressavam angola,1
angola clima,1
clima extraordinário,1
extraordinário terra,1
terra rica,1
rica pena,1
pena penso,1
penso coisas,1
coisas estejam,1
estejam correr,1
correr vive,1
vive muitas,1
muitas dificuldades,1
dificuldades entra,1
entra âmbito,1
âmbito política,1
política pronunciar,1
pronunciar devidamente,1
devidamente informada,1
informada falar,1
falar pronto,1
pronto independência,1
independência filha,1
filha trabalhar,1
trabalhar professora,1
professora escola,1
escola portuguesa,1
portuguesa claro,1
claro atendendo,1
atendendo situação,1
situação família,1
família situação,1
situação financeiramente,1
financeiramente férias,1
férias formidáveis,1
formidáveis passámos,1
passámos pronto,1
pronto portugal,1
portugal recebida,1
recebida contrariamente,1
contrariamente muita,1
gente justificadas,1
justificadas razões,1
razões queixam,1
queixam maneira,1
maneira recebidas,1
recebidas pessoalmente,1
pessoalmente andei,1
andei recebida,1
recebida fiz,1
fiz boas,1
boas amizades,1
amizades apoiada,1
apoiada razão,1
razão queixa,1
queixa cabinda,1
cabinda pessoas,1
pessoas moravam,1
moravam trabalhavam,1
trabalhavam cresceu,1
cresceu angola,1
angola pessoas,1
portugal ficaram,1
ficaram tinha,1
tinha pessoas,1
pessoas mundo,1
mundo vinha,1
vinha atendendo,1
atendendo exploração,1
petróleo americanos,1
americanos americanos,1
americanos sul,1
sul africanos,1
africanos portugueses,1
portugueses espanhóis,1
espanhóis libaneses,1
libaneses havia,1
gente nacionalidades,1
nacionalidades praticamente,1
praticamente muita,1
gente saíram,1
saíram sítio,1
sítio saí,1
saí saí,1
saí voltei,1
voltei novamente,1
novamente lobito,1
lobito conheci,1
conheci avô,1
avô cabinda,1
cabinda avô,1
avô serviço,1
serviço militar,1
militar entretanto,1
entretanto resolvemos,1
resolvemos casar,1
casar regressei,1
regressei saí,1
irmãos espetacular,1
cabinda silva,1
espetacular pena,1
porto hoje,1
hoje cuito,1
cuito casei,1
casei vivia,1
vivia fiquei,1
fiquei viver,1
viver trabalhar,1
banca mesma,1
mesma regressar,1
regressar nasceram,1
filhos trabalhaste,1
trabalhaste banca,1
banca quantos,1
quantos anos,1
anos cabo,1
cabo somado,1
somado angola,1
trabalhei anos,1
anos entrei,1
pena voltar,1
banca penso,1
penso anos,1
anos banco,1
banco angola,1
angola entrei,1
entrei janeiro,1
janeiro saíste,1
saíste portugal,1
portugal reintegrada,1
reintegrada maio,1
maio exactamente,1
exactamente queria,1
queria contar,1
contar seguinte,1
seguinte saí,1
cabinda saí,1
cabinda dezembro,1
dezembro casei,1
casei abril,1
abril pedir,1
pedir transferência,1
transferência lobito,1
lobito vivia,1
vivia tia,1
tia irmã,1
irmã viver,1
viver casa,1
casa irmã,1
irmã banco,1
banco entretanto,1
entretanto expectativa,1
expectativa tinham,1
tinham dito,1
dito iriam,1
iriam abrir,1
abrir balcão,1
balcão balcão,1
balcão silva,1
porto casei,1
casei pedi,1
pedi licença,1
licença vencimento,1
vencimento casei,1
casei voltei,1
voltei lobito,1
lobito abril,1
abril esperei,1
esperei dezembro,1
dezembro dezembro,1
dezembro banco,1
banco tinha,1
tinha aberto,1
aberto nenhum,1
nenhum balcão,1
balcão resolvi,1
resolvi sentido,1
sentido viver,1
viver lobito,1
lobito estando,1
estando casada,1
casada marido,1
marido viver,1
viver silva,1
porto banco,1
banco dezembro,1
dezembro reingressei,1
reingressei banco,1
standard janeiro,1
janeiro entrei,1
entrei tinha,1
tinha carreira,1
carreira feita,1
feita banco,1
crédito entrei,1
entrei banco,1
standard disseram,1
disseram tinha,1
tinha entrar,1
entrar iniciante,1
iniciante escalão,1
escalão anos,1
anos consegui,1
consegui subir,1
subir vim,1
vim procuradora,1
procuradora banco,1
banco silva,1
porto portugal,1
portugal aconteceu,1
aconteceu mesma,1
mesma vim,1
vim porto,1
porto colocada,1
colocada balcão,1
balcão antas,1
antas entretanto,1
entretanto convidada,1
convidada sabiam,1
sabiam filhos,1
filhos estavam,1
estavam guimarães,1
voltar trás,1
tinha pedido,1
pedido transferência,1
transferência guimarães,1
trás havia,1
altura viagens,1
viagens porto,1
porto havia,1
havia autoestradas,1
autoestradas tínhamos,1
tínhamos diria,1
diria tinha,1
tinha autocarro,1
autocarro levavam,1
levavam horas,1
horas obrigou,1
obrigou tivesse,1
tivesse alugar,1
alugar casa,1
casa lar,1
lar estudantes,1
estudantes porto,1
porto ia,1
ia feira,1
feira regressava,1
regressava durante,1
durante semana,1
semana sogra,1
sogra avó,1
avó ficava,1
ficava convosco,1
convosco eram,1
eram pequeninos,1
pequeninos tinhas,1
tinhas anos,1
anos irmã,1
irmã tinha,1
tinha tio,1
tio tio,1
tio tinha,1
tinha anos,1
anos mãe,1
mãe tinha,1
tinha ano,1
ano entretanto,1
entretanto abril,1
abril criado,1
criado gabinete,1
gabinete direcção,1
direcção banco,1
banco guimarães,1
guimarães convidada,1
convidada secretariado,1
secretariado vim,1
vim secretária,1
secretária balcão,1
brigas claro,1
trabalhar acabei,1
acabei carreira,1
carreira gerente,1
gerente banco,1
banco balcão,1
balcão equipa,1
equipa gerência,1
gerência composta,1
composta pessoas,1
pessoas gerente,1
gerente havia,1
havia gerente,1
gerente crédito,1
crédito subgerente,1
subgerente crédito,1
crédito gerente,1
gerente aplicações,1
aplicações financeiras,1
financeiras atendimento,1
atendimento balcão,1
banca igual,1
igual angola,1
angola diferente,1
diferente maneira,1
maneira trabalhar,1
trabalhar diferente,1
diferente coisas,1
coisas evoluíram,1
evoluíram entrei,1
banca havia,1
havia computadores,1
computadores computador,1
computador trabalhei,1
trabalhei ncr,1
ncr tinha,1
tinha metro,1
metro largura,1
largura começámos,1
brigas discutíamos,1
trabalhar lançar,1
lançar movimentos,1
movimentos clientes,1
clientes eram,1
eram lançados,1
lançados mão,1
mão máquina,1
máquina calcular,1
calcular feito,1
feito tínhamos,1
tínhamos ficha,1
ficha cliente,1
cliente cliente,1
cliente vinha,1
vinha levantar,1
levantar cheque,1
cheque tínhamos,1
tínhamos mão,1
mão escrever,1
escrever data,1
data pôr,1
pôr cheque,1
cheque abater,1
abater levantamento,1
levantamento acontecia,1
acontecia depósitos,1
depósitos fizeram,1
fizeram adaptação,1
adaptação altura,1
altura digital,1
digital tinham,1
tinham passar,1
passar computadores,1
computadores exactamente,1
exactamente altura,1
altura técnico,1
técnico passar,1
passar começámos,1
trabalhar computador,1
computador facilitando,1
facilitando serviço,1
serviço demorou,1
demorou altura,1
altura deu,1
deu trabalho,1
trabalho problemas,1
problemas altura,1
pessoas relativa,1
relativa facilidade,1
facilidade veio,1
veio nixdorf,1
nixdorf adiante,1
adiante nixdorf,1
nixdorf computador,1
computador diferente,1
diferente pequeno,1
pequeno televisões,1
discutíamos batíamos,1
antigamente eram,1
eram caixas,1
caixas tinham,1
tinham configuração,1
configuração dessas,1
dessas televisões,1
antigamente bancos,1
bancos deviam,1
deviam cheios,1
cheios papéis,1
papéis extratos,1
extratos papéis,1
papéis trabalho,1
trabalho administrativo,1
administrativo digitalizado,1
digitalizado informático,1
informático evoluído,1
evoluído evoluído,1
evoluído razão,1
razão hoje,1
hoje banca,1
banca balcão,1
balcão encontras,1
encontras funcionários,1
funcionários guimarães,1
altura vim,1
vim guimarães,1
guimarães éramos,1
éramos empregados,1
empregados hoje,1
hoje estamos,1
estamos reduzidos,1
reduzidos reduzidos,1
reduzidos acho,1
acho há,1
há ideia,1
ideia pequena,1
pequena pessoas,1
pessoas procuravam,1
procuravam bancos,1
bancos antigamente,1
antigamente fundamentalmente,1
fundamentalmente depositavam,1
depositavam economias,1
economias pagavam,1
pagavam zona,1
zona guimarães,1
guimarães zona,1
zona industrializada,1
industrializada estávamos,1
estávamos ligados,1
ligados empresas,1
empresas chegávamos,1
chegávamos pagamentos,1
pagamentos ordenados,1
ordenados eram,1
eram feitos,1
feitos banco,1
banco movimentado,1
movimentado havia,1
havia caixas,1
caixas multibanco,1
multibanco clientes,1
clientes tinham,1
tinham balcão,1
balcão levantar,1
batíamos pronto,1
dinheiro devia,1
devia pessoa,1
pessoa demoraria,1
demoraria fila,1
fila média,1
média exageros,1
exageros tínhamos,1
tínhamos filas,1
filas saíam,1
saíam banco,1
banco pensei,1
pronto chateavam,1
fosse tínhamos,1
tínhamos preciso,1
preciso tínhamos,1
tínhamos caixas,1
caixas funcionar,1
funcionar turnos,1
turnos normal,1
normal horas,1
horas horário,1
horário igual,1
igual entrávamos,1
entrávamos saíamos,1
chateavam muitas,1
tínhamos almoçar,1
almoçar saíamos,1
saíamos saíamos,1
tínhamos movimento,1
movimento balcão,1
balcão havia,1
havia serviço,1
serviço administrativo,1
administrativo tinha,1
tinha feito,1
feito obrigava,1
obrigava trabalhar,1
trabalhar horas,1
horas tínhamos,1
tínhamos capacidade,1
capacidade horário,1
horário normal,1
normal administrativa,1
administrativa altura,1
altura santander,1
santander edifício,1
edifício santander,1
muitas trabalho,1
empresas clientes,1
clientes santander,1
santander existe,1
existe clientes,1
clientes banco,1
açores fusão,1
fusão santander,1
santander criaram,1
criaram santander,1
empresas funcionar,1
funcionar edifício,1
edifício seja,1
seja faziam,1
faziam santander,1
empresas acontece,1
acontece faziam,1
faziam instalações,1
instalações antigas,1
antigas exatamente,1
exatamente fazíamos,1
fazíamos comunidade,1
comunidade europeia,1
europeia havia,1
havia movimento,1
movimento moeda,1
moeda estrangeira,1
estrangeira especialmente,1
especialmente imigrantes,1
imigrantes físico,1
físico traziam,1
traziam sacos,1
sacos notas,1
notas malas,1
malas digo,1
digo traziam,1
traziam dinheiro,1
dinheiro físico,1
físico podiam,1
podiam transferências,1
transferências faziam,1
faziam transferências,1
transferências câmbio,1
câmbio moeda,1
moeda antigamente,1
antigamente demorado,1
demorado câmbio,1
câmbio tínhamos,1
tínhamos acesso,1
acesso cambial,1
cambial moeda,1
moeda fazíamos,1
fazíamos compra,1
compra moeda,1
moeda venda,1
venda iam,1
iam comprar,1
comprar tínhamos,1
trabalho queriam,1
stock moeda,1
moeda tínhamos,1
stock normalmente,1
normalmente cliente,1
cliente especialmente,1
especialmente empresários,1
empresários empresários,1
empresários iam,1
iam feiras,1
feiras europa,1
europa requisitavam,1
requisitavam moedas,1
moedas estrangeiras,1
estrangeiras acordo,1
acordo país,1
país fossem,1
fossem fossem,1
fossem frança,1
frança eram,1
eram francos,1
francos franceses,1
franceses fossem,1
fossem itália,1
itália eram,1
eram libras,1
libras tínhamos,1
tínhamos requisitar,1
requisitar serviços,1
queriam levar,1
centrais houvesse,1
houvesse remessa,1
remessa fosse,1
fosse moeda,1
moeda banco,1
banco normalmente,1
normalmente tinha,1
tinha serviços,1
centrais tinham,1
tinham reserva,1
reserva altura,1
altura guimarães,1
levar vacas,1
vacas campo,1
santander havia,1
havia vim,1
vim havia,1
havia balcão,1
santander santander,1
santander comprou,1
comprou crédito,1
crédito predial,1
predial português,1
português guimarães,1
guimarães saí,1
saí reforma,1
reforma tínhamos,1
tínhamos guimarães,1
guimarães balcões,1
balcões entretanto,1
entretanto há,1
há freguesia,1
freguesia pevidém,1
pevidém pertence,1
pertence guimarães,1
balcão guimarães,1
guimarães tínhamos,1
tínhamos avenida,1
avenida joão,1
joão iv,1
iv tínhamos,1
tínhamos azurém,1
azurém tínhamos,1
tínhamos toural,1
toural tínhamos,1
tínhamos taipas,1
taipas pevidém,1
pevidém altura,1
altura respeito,1
respeito cidade,1
cidade altura,1
altura diferente,1
diferente consideravelmente,1
consideravelmente diferente,1
diferente diferente,1
diferente aspeto,1
aspeto melhor,1
melhor pior,1
pior coisas,1
coisas eram,1
eram difíceis,1
difíceis refere,1
refere banca,1
banca facilitado,1
facilitado praticamente,1
praticamente precisamos,1
precisamos banco,1
banco internet,1
internet netbanco,1
netbanco operações,1
operações precisamos,1
precisamos normalmente,1
normalmente saímos,1
saímos casa,1
casa movimento,1
movimento bancário,1
bancário precisamos,1
precisamos levantar,1
dinheiro caso,1
caso contrário,1
contrário depósitos,1
depósitos transferências,1
transferências internet,1
internet facilitou,1
facilitou guimarães,1
guimarães evoluiu,1
evoluiu vim,1
vim cidade,1
cidade cresceu,1
cresceu havia,1
havia shoppings,1
shoppings vieram,1
vieram shoppings,1
shoppings vim,1
vim shoppings,1
shoppings anos,1
anos havia,1
campo queriam,1
autoestrada havia,1
autoestrada autoestrada,1
autoestrada meios,1
meios comunicação,1
comunicação evoluíram,1
evoluíram população,1
população aumentou,1
aumentou pronto,1
pronto modificaram,1
modificaram melhor,1
melhor acho,1
acho melhor,1
melhor guimarães,1
guimarães cidade,1
queriam sachar,1
bonita penso,1
penso conheço,1
conheço portugal,1
portugal cidades,1
cidades qualidade,1
qualidade vida,1
vida melhor,1
melhor melhor,1
melhor cidade,1
cidade aconchegante,1
aconchegante estamos,1
estamos pessoas,1
pessoas precisam,1
precisam deslocar,1
milho tínhamos,1
automóvel pé,1
pé conseguem,1
conseguem resolver,1
resolver problemas,1
problemas cidade,1
bonita cidade,1
cidade histórica,1
histórica basta,1
basta nasceu,1
nasceu portugal,1
portugal vimaranenses,1
vimaranenses orgulhosos,1
orgulhosos terra,1
terra cuidadosos,1
cuidadosos terras,1
terras portugal,1
portugal ruas,1
ruas limpas,1
limpas espaços,1
tínhamos tarefas,1
tarefas pais,1
verdes cidade,1
cidade típica,1
típica histórica,1
histórica conservada,1
conservada calhar,1
calhar gostas,1
gostas cidade,1
cidade gostavas,1
gostavas vieste,1
vieste gostavas,1
gostavas vim,1
vim início,1
início situação,1
situação bocado,1
bocado complicada,1
complicada começar,1
começar vida,1
portugal tinha,1
tinha regressado,1
regressado angola,1
angola período,1
período adaptação,1
adaptação incerteza,1
incerteza avô,1
avô professor,1
professor sabes,1
sabes baixa,1
baixa banheira,1
banheira trabalhar,1
trabalhar tinha,1
tinha bisavó,1
bisavó pronto,1
pronto início,1
início vida,1
conseguimos passo,1
passo passo,1
passo pronto,1
pronto há,1
há dúvida,1
dúvida realmente,1
realmente cidade,1
cidade bastantes,1
bastantes recursos,1
recursos ajudou,1
ajudou progressão,1
progressão vida,1
vida vida,1
vida familiar,1
familiar profissional,1
profissional sítios,1
sítios cidade,1
cidade moraram,1
moraram vieram,1
vieram inicialmente,1
inicialmente morámos,1
morámos centro,1
pais lugares,1
cidade avenidas,1
avenidas principais,1
principais avenida,1
avenida afonso,1
afonso henriques,1
henriques comprámos,1
comprámos apartamento,1
apartamento freguesia,1
freguesia azurém,1
azurém localizada,1
localizada monte,1
monte largo,1
largo distava,1
distava cidade,1
cidade cerca,1
cerca km,1
km sensivelmente,1
sensivelmente obrigava,1
obrigava termos,1
termos deslocar,1
automóvel autocarro,1
autocarro entretanto,1
entretanto passado,1
passado anos,1
anos omprei,1
omprei apartamento,1
apartamento vivemos,1
vivemos central,1
central vês,1
vês estamos,1
estamos localizados,1
localizados serviços,1
serviços porta,1
porta cabeleireiras,1
cabeleireiras supermercados,1
supermercados laboratório,1
laboratório análises,1
análises centro,1
centro saúde,1
saúde farmácia,1
farmácia pastelarias,1
pastelarias campo,1
lugares irmãos,1
futebol casa,1
casa quase,1
quase vemos,1
vemos campo,1
futebol centro,1
cidade dista,1
dista antigamente,1
antigamente pessoas,1
pessoas deslocavam,1
deslocavam carro,1
carro autocarro,1
autocarro pessoas,1
pessoas faziam,1
faziam deslocações,1
deslocações trabalho,1
trabalho pessoas,1
pessoas autocarro,1
autocarro claro,1
havia carros,1
carros havia,1
havia quantidade,1
quantidade carros,1
carros existe,1
existe hoje,1
hoje pessoas,1
pessoas entretanto,1
entretanto melhorando,1
melhorando vidas,1
vidas pessoas,1
irmãos podiam,1
idade velhas,1
velhas pessoas,1
idade mãe,1
pai há,1
há ninguém,1
ninguém tenha,1
tenha carro,1
carro pessoas,1
pessoas estudaram,1
estudaram pessoas,1
pessoas licenciadas,1
licenciadas vida,1
vida formada,1
formada empregos,1
empregos razoáveis,1
razoáveis cidade,1
cidade esteja,1
esteja servida,1
servida autocarros,1
autocarros precisamos,1
precisamos autocarros,1
autocarros meios,1
meios transporte,1
transporte queixar,1
queixar autocarros,1
autocarros comboio,1
comboio autocarro,1
autocarro viagens,1
viagens aeroporto,1
aeroporto precise,1
precise deslocar,1
deslocar quiser,1
quiser levar,1
levar viatura,1
viatura campo,1
campo treino,1
treino irmãos,1
irmãos gémeos,1
gémeos castro,1
castro piscina,1
piscina várias,1
várias atividades,1
atividades ginásios,1
ginásios feira,1
feira semanal,1
semanal mercado,1
mercado apetrechado,1
apetrechado shoppings,1
shoppings hipermercados,1
hipermercados estamos,1
estamos servidos,1
servidos zona,1
zona veterinária,1
veterinária consultórios,1
consultórios médicos,1
médicos cruz,1
cruz verde,1
verde funciona,1
funciona horas,1
horas dia,1
dia surja,1
surja hospital,1
podiam gostar,1
hospital abriu,1
abriu antigamente,1
antigamente havia,1
havia hospital,1
gostar tarefas,1
velho vim,1
vim hospital,1
hospital começou,1
começou funcionar,1
funcionar daí,1
daí precisar,1
precisar inauguração,1
inauguração concretamente,1
concretamente nasceste,1
nasceste hospital,1
hospital avó,1
avó faleceu,1
faleceu faleceu,1
faleceu hospital,1
velho senhora,1
tarefas provocava,1
provocava bocadinho,1
bocadinho barulho,1
hospital senhora,1
hospital fica,1
fica pé,1
pé misericórdia,1
misericórdia pé,1
pé castelo,1
castelo avó,1
avó morreu,1
morreu existia,1
existia hospital,1
hospital altura,1
havia centros,1
centros saúde,1
saúde havia,1
havia houve,1
houve havia,1
barulho irmão,1
médicos referenciados,1
referenciados destacavam,1
destacavam havia,1
médicos há,1
há havia,1
havia médico,1
médico fazendo,1
fazendo conforme,1
conforme especialidades,1
especialidades sabia,1
sabia quisesse,1
quisesse oftalmologista,1
oftalmologista àquele,1
àquele médico,1
médico x,1
x medicina,1
medicina dentária,1
dentária médico,1
médico dentistas,1
dentistas poucos,1
poucos havia,1
havia dentistas,1
dentistas ginecologistas,1
ginecologistas havia,1
havia consultado,1
consultado médico,1
médico ironia,1
ironia destino,1
destino rua,1
rua nome,1
nome dele,1
dele joão,1
joão afonso,1
afonso almeida,1
almeida ah,1
ah pensei,1
fosse alguém,1
alguém antigo,1
antigo vivo,1
vivo morreu,1
morreu tinha,1
tinha consultório,1
consultório pastelaria,1
pastelaria osvaldinho,1
osvaldinho fica,1
fica pastelaria,1
pastelaria fica,1
fica esquina,1
esquina rua,1
rua gil,1
gil vicente,1
vicente ficava,1
ficava consultório,1
consultório consultório,1
consultório ficava,1
ficava havia,1
clínicas bastantes,1
osvaldo faleceu,1
faleceu entretanto,1
evoluindo começaram,1
começaram haver,1
haver clínicas,1
clínicas aumentaram,1
aumentaram clínicas,1
irmão velho,1
privadas várias,1
várias clínicas,1
privadas hospitais,1
hospitais hospital,1
hospital luz,1
luz clínicas,1
contar nasceu,1
pergunta contar,1
dia frossos,1
frossos braga,1
braga casa,1
casa moravam,1
moravam quantas,1
quantas pessoas,1
pessoas tinham,1
tinham casa,1
casa muitas,1
muitas creche,1
creche casa,1
casa pequena,1
pequena casa,1
casa pequenina,1
pequenina dormíamos,1
